573724	what are the social determinants of health
490595	rsa definition key
1129237	hydrogen is a liquid below what temperature
1121402	what can contour plowing reduce
527433	types of dysarthria from cerebral palsy
1112341	what is the daily life of thai people
87452	causes of military suicide
104861	cost of interior concrete flooring
1114646	what is famvir prescribed for
131843	definition of a sigmet
148538	difference between rn and bsn
1115776	what is an aml surveillance analyst
1124210	tracheids are part of _____.
1117099	what is a active margin
183378	exons definition biology
130510	definition declaratory judgment
87181	causes of left ventricular hypertrophy
359349	how to find the midsegment of a trapezoid
19335	anthropological definition of environment
915593	what types of food can you cook sous vide
443396	lps laws definition
962179	when was the salvation army founded
855410	what is theraderm used for
1110199	what is wifi vs bluetooth
1114819	what is durable medical equipment consist of
168216	does legionella pneumophila cause pneumonia
182539	example of monotonic function
1106007	define visceral?
451602	medicare's definition of mechanical ventilation
47923	axon terminals or synaptic knob definition